376728460	wamr	https://github.com/bytecodealliance/wasm-micro-runtime/commit/bf78863c5611de857caae3a998cbbf441dbd90cd
408571331	tarantool	https://github.com/tarantool/luajit/commit/ad2f3014e66e3ecec06b7d683edb5ea105c22d9b
409093735	karchive	https://invent.kde.org/frameworks/karchive/-/commit/3ac1505b71e4d8a895dff640525a58b9749c7fe1
42470538	radare2	https://github.com/radare/radare2/commit/533da1306534ece22d67eaa3c32e46b717cd9199
42473792	capstonenext	https://github.com/aquynh/capstone/commit/dd91f03fef5102492352756e2adb5972dd79a70f
42473793	capstonenext	https://github.com/aquynh/capstone/commit/dd91f03fef5102492352756e2adb5972dd79a70f
42473794	capstonenext	https://github.com/aquynh/capstone/commit/85d1bc7bc406c37e067e10587e6c8f38dc154ee4
42473852	perfetto	https://android.googlesource.com/platform/external/perfetto//+/04c79fa7b86422528f4a3c7500df7d8af0283197%5E%21/
42474568	radare2	https://github.com/radare/radare2/commit/67d531dce9df1630387a870833cfdb6cd707ee9c
42475106	libxml2	https://gitlab.gnome.org/GNOME/libxml2/-/commit/474967241cdcce6d3a2fd356079571eee794ec12
42475195	radare2	https://github.com/radare/radare2/commit/a875795bb5d8c216fa17d685b49784c4d5c93f87
42475579	radare2	https://github.com/radare/radare2/commit/7d30ff52fc1be6f9698b166107b8981eab6ec7ba
42476579	wireshark	https://github.com/wireshark/wireshark/commit/ba54b896969930491645aa3ec4125b76480add9c
42477241	aspell	https://github.com/gnuaspell/aspell/commit/de29341638833ba7717bd6b5e6850998454b044b
42477355	file	https://github.com/file/file/commit/06de62c022138f63de9bcd04074491945eaa8662
42479212	imagemagick	https://github.com/imagemagick/imagemagick/commit/974a84e41b64e6473d8588acd4a35ee0db54b376
42479687	ndpi	https://github.com/ntop/nDPI/commit/226a9abf2235fd9e87353ffe727babad71fb7274
42480353	ndpi	https://github.com/ntop/nDPI/commit/843204299c79c55c736231c06db98def2b3a6bba
42480587	ndpi	https://github.com/ntop/nDPI/commit/daae1cc9b1ae6b7c6b4187003fabb2a6ffab44f0
42480782	libxml2	https://gitlab.gnome.org/GNOME/libxml2/-/commit/932cc9896ab41475d4aa429c27d9afd175959d74
42480786	leptonica	https://github.com/DanBloomberg/leptonica/commit/7a74abcd7b574109d8ad29b0dd5583f3963a6939
42481430	php-src	https://github.com/php/php-src/commit/fe8af59b6ae5490a850923137af86c3348ef5204
42481695	ndpi	https://github.com/ntop/nDPI/commit/3eb9907dd7bfd21be4980632761852eaee5aec81
42482689	leptonica	https://github.com/DanBloomberg/leptonica/commit/06b279a676ce5928f86e61329c27d22b957c1374
42484287	curl	https://github.com/curl/curl/commit/8346c90b789e249e42cd1e9f4542f5c55a1cc917
42484290	curl	https://github.com/curl/curl/commit/8346c90b789e249e42cd1e9f4542f5c55a1cc917
42485647	wireshark	https://github.com/wireshark/wireshark/commit/fe8d996bb22c83ecd080b81a0f6dc942d37e07ae
42485834	rnp	https://github.com/rnpgp/rnp/commit/03d578619513b7186624172538f655a59ab4204b
42485927	rdkit	https://github.com/rdkit/rdkit/commit/b81e313c5177b4abcd049192f857caed8d804b18
42485965	rnp	https://github.com/rnpgp/rnp/commit/03d578619513b7186624172538f655a59ab4204b
42486135	rnp	https://github.com/rnpgp/rnp/commit/f07b44cec577a117ad0028c35896804dc8efd548
42486491	util-linux	https://github.com/karelzak/util-linux/commit/9f03ad60e58f7bdcac6a1046471a3374550ee384
42487513	opencv	https://github.com/opencv/opencv/commit/6c575e882664443c633196fea38a0605f0a3a118
42489822	libjpeg-turbo	https://github.com/libjpeg-turbo/libjpeg-turbo/commit/ccaba5d7894ecfb5a8f11e48d3f86e1f14d5a469
42489846	libjpeg-turbo	https://github.com/libjpeg-turbo/libjpeg-turbo/commit/ccaba5d7894ecfb5a8f11e48d3f86e1f14d5a469
42490715	rdkit	https://github.com/rdkit/rdkit/commit/e2b0a850d7f7087efc15181b8ab11a6b8a566228
42491941	libssh2	https://github.com/libssh2/libssh2/commit/cde13f6201c56cc571489a7d7164b7205d688cf9
42492491	libssh2	https://github.com/libssh2/libssh2/commit/cde13f6201c56cc571489a7d7164b7205d688cf9
42492641	ndpi	https://github.com/ntop/nDPI/commit/1ec621c85b9411cc611652fd57a892cfef478af3
42493706	serenity	https://github.com/SerenityOS/serenity/commit/42133a196a0bea83705b5947921d5c7e5b9f201d
42496362	kimageformats	https://invent.kde.org/frameworks/kimageformats/-/commit/297ed9a2fe339bfe36916b9fce628c3242e5be0f
42498471	pcl	https://github.com/PointCloudLibrary/pcl/commit/3f897554837966b71aa3bfd72dd7ce482e5e55ae
42501110	wolfmqtt	https://github.com/wolfSSL/wolfMQTT/commit/362b34afc2584237175a2a592b4741df7104faec
42502292	wolfmqtt	https://github.com/wolfSSL/wolfMQTT/commit/84d4b53122e0fa0280c7872350b89d5777dabbb2
42503375	pcl	https://github.com/PointCloudLibrary/pcl/commit/3f897554837966b71aa3bfd72dd7ce482e5e55ae
42511900	ndpi	https://github.com/ntop/nDPI/commit/c4f50b2cdac989cc89930564a88a5caab85c7214
42513913	lcms	https://github.com/mm2/Little-CMS/commit/f3f6b7bceb629bc4b6f1dea3e45b44dc3f8674af
42516713	MapServer	https://github.com/MapServer/MapServer/commit/bf41b35362b3f6b8fbb0eb54d92ba01ead9b418e
42516926	hunspell	https://github.com/hunspell/hunspell/commit/cca31da62a61ef0fdfff47deb947c655bdb7d187
42517623	kimageformats	https://invent.kde.org/frameworks/kimageformats/-/commit/8586bb47193aebecab2f84ff531beaaeaa7bf93c
42518789	serenity	https://github.com/SerenityOS/serenity/commit/0016f63547f70f969eeb6030d8d7433b05cae934
42524177	capstonenext	https://github.com/aquynh/capstone/commit/926cfebd6b8d8d7317ade02eaed2d2868053d900
42534794	fwupd	https://github.com/fwupd/fwupd/commit/2157ad2df4a3d92f7319de50b2d0d7bce1255fc0
42535918	radare2	https://github.com/radareorg/radare2/commit/4134dfd6fea11a9ed14fe0576a68c5211a33c4d7
42534286	hdf5	https://github.com/HDFGroup/hdf5/commit/c0192e236122f483c71723d66dddee2cdc80ed5a
42473001	openthread	https://github.com/openthread/openthread/commit/f9659b3733b85ffb499692a6d2f18a6414782dc0
42476221	icu	https://github.com/unicode-org/icu/commit/4833cc89b2fae2e8863b46bf1dc785964847e882
40096184	skia	https://skia.googlesource.com/skia.git/+/07afa23bd0fa74d18fb7faee898b2a876536a170%5E%21/
