8e28bba73ed1772a6802	e812cbbbbbb15adbbbee176baa1e8bda53059bf0
8ebb469b64740648f1c3	4f1dc7d9756e66f3f876839ea174df2e656b7f79
8f477ac014ff5b32d81f	c919330dd57835970b37676d377de3eaaea2c1e9
9ba7a8cdae0440edd57b	7e20434cbca814cb91a0a261ca0106815ef48e5f
9dfe490c8176301c1d06	7c55b78818cfb732680c4a72ab270cc2d2ee3d0f
9f6d080dece587cfdd4c	44b9553c3dd043f14903d8ae5d4e7a9797c6d92e
a56aa983ce6a1bf12485	72262330f7b3ad2130e800cecf02adcce3c32c77
a76f6a6e524cf2080aa3	9f0933ac026f7e54fe096797af9de20724e79097
a85062dec5d65617cc1c	32c72165dbd0e246e69d16a3ad348a4851afd415
ad7966ca1f5dd8b001b3	7f1b63f981b8284c6d8238cb49b5cb156d9a833e
af90d47a37376844e731	0ddc5154b24c96f20e94d653b0a814438de6032b
b20bbf680bb0f2ecedae	390ac56cf0f687de53695648bc6f2259a7eae429
b5eb72a560b8149a1885	3d71b8b9abae68f6dfc434f779e1139370fbe891
b883b008a0b1067d5833	8cd5a59e4d512c6e1df47bf8ce60f7d16e4b3c18
b91eb2ed18f599dd3c31	28468cbed92ea5eed19e2cbd2d55758c3c7938ca
b96275fd6ad891076ced	32c72165dbd0e246e69d16a3ad348a4851afd415
ba4bcf1563f90386910f	0d1c3530e1bd38382edef72591b78e877e0edcd3
c37a14770d51a085a520	d88ca7e1a27eb2df056bbf37ddef62e1c73d37ea
c4b1e5278d93269fd69c	0697d9a610998b8bdee6b2390836cb2391d8fd1a
c72da7b9ed57cde6fca2	0d1c3530e1bd38382edef72591b78e877e0edcd3
cc699626e48a6ebaf295	e9e6aa51b2735d83a67d9fa0119cf11abef80d99
d31adfb277377ef8fcba	6f9c4d8c468c189d6dc470324bd52955f8aa0a10
d587b24799bd8c2d32f4	d89a34b14df5c205de698c23c3950b2b947cdb97
d796ad2656d5b38910ee	fb6f20ecb121cef4d7946f834a6ee867c4e21b4a
db6caad9ebd2c8022b41	6f861765464f43a71462d52026fbddfc858239a5
e4876215632c2d23b481	5c1768b6725049e1fcfc841924d65f2872413000
e5198737e8a2d23d958c	00927931cb630bbf8edb6d7f4dadb25139fc5e16
e62a973f8322b3bbe3ac	71132cedd1ecbc4032d76e9928c18a10f7e39b80
e836ff7133ac02be825f	8d824e69d9f3fa3121b2dda25053bae71e2460d2
ee80f840d9bf6893223b	ee1bd483cc062d5050f9537064651dd2e06baee7
f43a23b6e622797c7a28	2130c519a401e576647040043cb46d6fdc361dcc
