0154da2d403396b2bd59	e53fc232a65f7488ab75d03a5b95f06aaada7262
04c4e65cab786a2e5b7e	2acb5c12ebd860f30e4faf67e6cc8c44ddfe5fe8
2405ca3401e943c538b5	220345e98f1cdc768eeb6e3364a0fa7ab9647fe7
2f07903a5b05e7f36410	61678d28d4a45ef376f5d02a839cc37509ae9281
3cb3d9e8c3f197754825	3a04334d6282d08fbdd6201e374db17d31927ba3
3f6a670108ce43356017	f66af88e33212b57ea86da2c5d66c0d9d5c46344
45fa0a195b941764e0f0	c4068bf898ddaef791049a366828d9b84b467bda
4e12d2d56f8ccc65c180	d65842f7126aa1a87fb44b7c9980c12630ed4f33
4e6e7e4279d046613bc5	fdf480da5837c23b146c4743c18de97202fcab37
4f7a1fc5ec86b956afb4	6f861765464f43a71462d52026fbddfc858239a5
4ff165b9251e4d295690	bf58e667af7d96c8eb9411f926a0a0955f41ce21
5138f00559ffb3cb3610	205da7c026739d965e605d39001049c7b6728e87
55cc59267340fad29512	e6db6f9398dadcbc06318a133d4c44a2d3844e61
59af7bf76d795311da8c	45435d8da71f9f3e6860e6e6ea9667b6ec17ec64
5f3a973ed3dfb85a6683	bb5e07cb927724e0b47be371fa081141cfb14414
5f8f3acdee1ec7a7ef7b	826af7fa62e347464b1b4e0ba2fe19a92438084f
6c8215822f35fdb35667	04317f4eb2aad312ad85c1a17ad81fe75f1f9bc7
6d3021bf0c4cb4ffac17	d89a34b14df5c205de698c23c3950b2b947cdb97
7617e19c8a59edfbd879	362f21536966d7039da1de762f28f4ad44565acc
8743fca924afed42f93e	3bd5e45c2ce30e239d596becd5db720f7eb83c99
8e28bba73ed1772a6802	e812cbbbbbb15adbbbee176baa1e8bda53059bf0
8ebb469b64740648f1c3	4f1dc7d9756e66f3f876839ea174df2e656b7f79
8f477ac014ff5b32d81f	c919330dd57835970b37676d377de3eaaea2c1e9
98cc76a76de46b3714d4	2d8636119b92970ba135c3c4da87d24dbfdeb8ca
9ba7a8cdae0440edd57b	7e20434cbca814cb91a0a261ca0106815ef48e5f
9dfe490c8176301c1d06	7c55b78818cfb732680c4a72ab270cc2d2ee3d0f
9f6d080dece587cfdd4c	44b9553c3dd043f14903d8ae5d4e7a9797c6d92e
a25ee9d20d31e483ba7b	cd8ae32e4e4652db55bce6b9c79267d8946765a9
a56aa983ce6a1bf12485	72262330f7b3ad2130e800cecf02adcce3c32c77
a76f6a6e524cf2080aa3	9f0933ac026f7e54fe096797af9de20724e79097
a85062dec5d65617cc1c	32c72165dbd0e246e69d16a3ad348a4851afd415
ad7966ca1f5dd8b001b3	7f1b63f981b8284c6d8238cb49b5cb156d9a833e
af90d47a37376844e731	0ddc5154b24c96f20e94d653b0a814438de6032b
b20bbf680bb0f2ecedae	390ac56cf0f687de53695648bc6f2259a7eae429
b5eb72a560b8149a1885	3d71b8b9abae68f6dfc434f779e1139370fbe891
b883b008a0b1067d5833	8cd5a59e4d512c6e1df47bf8ce60f7d16e4b3c18
b91eb2ed18f599dd3c31	28468cbed92ea5eed19e2cbd2d55758c3c7938ca
b96275fd6ad891076ced	32c72165dbd0e246e69d16a3ad348a4851afd415
ba4bcf1563f90386910f	0d1c3530e1bd38382edef72591b78e877e0edcd3
c37a14770d51a085a520	d88ca7e1a27eb2df056bbf37ddef62e1c73d37ea
c4b1e5278d93269fd69c	0697d9a610998b8bdee6b2390836cb2391d8fd1a
c72da7b9ed57cde6fca2	0d1c3530e1bd38382edef72591b78e877e0edcd3
cc699626e48a6ebaf295	e9e6aa51b2735d83a67d9fa0119cf11abef80d99
d31adfb277377ef8fcba	6f9c4d8c468c189d6dc470324bd52955f8aa0a10
d587b24799bd8c2d32f4	d89a34b14df5c205de698c23c3950b2b947cdb97
d796ad2656d5b38910ee	fb6f20ecb121cef4d7946f834a6ee867c4e21b4a
db6caad9ebd2c8022b41	6f861765464f43a71462d52026fbddfc858239a5
e4876215632c2d23b481	5c1768b6725049e1fcfc841924d65f2872413000
e5198737e8a2d23d958c	00927931cb630bbf8edb6d7f4dadb25139fc5e16
e62a973f8322b3bbe3ac	71132cedd1ecbc4032d76e9928c18a10f7e39b80
e836ff7133ac02be825f	8d824e69d9f3fa3121b2dda25053bae71e2460d2
ee80f840d9bf6893223b	ee1bd483cc062d5050f9537064651dd2e06baee7
f43a23b6e622797c7a28	2130c519a401e576647040043cb46d6fdc361dcc
