07efed3bc5a1407bd742	689e453a9b9c9158522b508876a1ff02ab0c3aa8
13146364637c7363a7de	a54c4613dac1500b40e4ab55199f7c51f028e848
24d0577de55b8b8f6975	32c72165dbd0e246e69d16a3ad348a4851afd415
36cf9e58446a643bfa14	813961de3ee6474dd5703e883471fd941d6c8f69
69c9fdccc6dd08961d34	c8af247de385ce49afabc3bf1cf4fd455c94bfe8
6d70ca7438345077c549	a6763080856f444868620ae065ac25cbac0c4922
6db0415d6d5c635f72cb	ef5749ef8b307bf8717945701b1b79d036af0a15
7741f872f3c53385a2e2	9aa64182952db7d931201ab4fcdf767c11fb4ab0
838eb0878ffd51f27c41	8f868d68d335a17923dffb6858f8e9b656424699
9bc8c4f42b3e1d0274fe	a1a7e3a36e01ca6e67014f8cf673cb8e47be5550
b8fe393f999a291a9ea6	8ff41cc21714704ef0158a546c3c4d07fae2c952
bfd77469c8966de076f7	05a1fc5efdd8560f34a3af39c9cf1e1526cc3ddf
d29e9263e13ce0b9f4fd	e9b3c610a05c1cdf8e959a6d89c38807ff758ee6
d8489a79b781849b9c46	51c19bf3d5cfaa66571e4b88ba2a6f6295311101
dc3b1cf9111ab5fe98e7	c53ed55cb275344086e32a7080a6b19cb183650b
e1fe9f44fb8ecf4fb5dd	f2ecf903ef06eb1bbbfa969db9889643d487e73a
e64a13c5369a194d67df	c7a91bc7c2e17e0a9c8b9745a2cb118891218fd1
