42487756	opensc	https://github.com/OpenSC/OpenSC/commit/732ed77ad67e5303c46c0fa767929afd87076c87
42539342	pcre2	https://github.com/PCRE2Project/pcre2/commit/26e92bc554db487f600a8178f9ad97b8b02e9345
42524958	net-snmp	https://github.com/net-snmp/net-snmp/commit/bb3844bee2734e09dcc121e61b15ca2336b9434f
42537243	gpac	https://github.com/gpac/gpac/commit/85a04010fc360a22bd332502460445cc2cd75f4e
42484390	opensc	https://github.com/OpenSC/OpenSC/commit/9d294de90d1cc66956389856e60b6944b27b4817
420741614	ndpi	https://github.com/ntop/nDPI/commit/5309e713a4a464e3d4d6fa8cca81e6e54cc54007
42487961	imagemagick	https://github.com/imagemagick/imagemagick/commit/1686dd921daddcd9ec7f9225fb1f6c217189adf2
42537577	imagemagick	https://github.com/imagemagick/imagemagick/commit/77df64b3cb3851e63b0301d1b0d234527ea52a55
42528093	serenity	https://github.com/SerenityOS/serenity/commit/9e978c6cd1bf3b2692e44f246b904927b4982d03
42532896	gpac	https://github.com/gpac/gpac/commit/fb35bdcbea0d4d27adfedecc78f9c8e0b28187ec
42532885	matio	https://github.com/tbeu/matio/commit/1565241343f00b203ee86810694d42992336b7f4
42507442	imagemagick	https://github.com/imagemagick/imagemagick/commit/0d9b7a60617849f55014d619306dc34ae77eb062
42522740	wireshark	https://github.com/wireshark/wireshark/commit/495fe725e0dfa2f0bf3f588ea154488d9fc0a82c
42533592	gpac	https://github.com/gpac/gpac/commit/b5dc2164d7456bd61bfa3a8415f468bab1dc517e
42514715	ghostpdl	https://cgit.ghostscript.com/ghostpdl.gitfc370414d680550407d6cb2a8f692c755fa02f6d
42518451	opensc	https://github.com/OpenSC/OpenSC/commit/e7f81d86dcdc751f4737f4b29a99bfc54d29c5c9
42539520	imagemagick	https://github.com/imagemagick/imagemagick/commit/730f1d1d3ebe92b46bfce8a06c04c1517edee6dc
42521255	ghostpdl	https://cgit.ghostscript.com/ghostpdl.git8cfe505e168185fecd1b573711c68252aefb9f77
42527837	serenity	https://github.com/SerenityOS/serenity/commit/b4296e1c9b01be7c8b052ae023e0927cc6762b1b
374218971	ndpi	https://github.com/ntop/nDPI/commit/cd438e255428616c42a1fd2cacd733748700566c
42528131	icu	https://github.com/unicode-org/icu/commit/386e9a10db28af620658ca0c635e1d98915f6306
42506037	ghostpdl	https://cgit.ghostscript.com/ghostpdl.git9191f693bbfe5b70b91cb068d2fb38316aa0cc5e
42485087	skia	https://skia.googlesource.com/skia.git/+/15ee455939ff8c44be22158fb6e36ae02cc5ba9e%5E%21/
42518779	opensc	https://github.com/OpenSC/OpenSC/commit/578aed8391ef117ca64a9e0cba8e5c264368a0ec
42524446	proj.4	https://github.com/OSGeo/proj.4/commit/d14bf09d94be40e3e2ed2be5b0b55c9d885f1513
42527547	binutils-gdb	https://github.com/bminor/binutils-gdb/commit/54d57acf610e5db2e70afa234fd4018207606774
42482261	gdal	https://github.com/OSGeo/gdal/commit/87235a68907d6b238f31a37eb7e602b41230160d
42532007	arrow	https://github.com/apache/arrow/commit/6aa33210ecd9773f18ceb775306b79de132b6c6f
42521078	opensc	https://github.com/OpenSC/OpenSC/commit/a97e702bb8e66b4f5b6230b9962b7d36869237bc
377955861	file	https://github.com/file/file/commit/b3384a1fbfa1fee99986e5750ab8e700de4f24ad
42478129	openthread	https://github.com/openthread/openthread/commit/8be8bf1fdff6181453a2c5e946618186b8b64c54
42492581	wolfssl	https://github.com/wolfssl/wolfssl/commit/3fd2647383318d5ca0c4ec3ef99119c863c51528
42520917	opensc	https://github.com/OpenSC/OpenSC/commit/a97e702bb8e66b4f5b6230b9962b7d36869237bc
42532047	icu	https://github.com/unicode-org/icu/commit/3eb8923b9730efeae10a92f8054f63495fe8a95f
387626404	oatpp	https://github.com/oatpp/oatpp/commit/d84905194b5aee05d5dfeca2f3e3007579b677ed
42535458	poppler	https://gitlab.freedesktop.org/poppler/poppler.gite6f279ca1db6f6364dd44d46a6d3edf02c98f5b5
42500380	open62541	https://github.com/open62541/open62541/commit/3455a82ddb781794d1a32b9ee94153f02117c61c
42536669	libjxl	https://github.com/libjxl/libjxl/commit/060080285a4fe81c9cb3a01381bbbd907c5dfea5
42493167	wolfssl	https://github.com/wolfssl/wolfssl/commit/830de9a9fb99e30f9ac9caa0a7f7bba29c3b4863
42504099	gdal	https://github.com/OSGeo/gdal/commit/d89db70436643b27cdd995a3cd2d8385112f6953
42491616	wolfssl	https://github.com/wolfssl/wolfssl/commit/949af909bf32789d741cdabe685d95b7410674fb
42514900	c-blosc2	https://github.com/Blosc/c-blosc2/commit/55e9b06c6191af68938dc3301b7ed4153cf86f7a
42531143	libavc	https://github.com/ittiam-systems/libavc/commit/28727baf58aa7c8983769aff1ceecb3121a26ee6
42534374	lcms	https://github.com/mm2/Little-CMS/commit/dbb4a1a4fbb4fe3708155cfa15947ccd2c3d290b
42526616	libraw	https://github.com/libraw/libraw/commit/17294b5fd82bff80463c21386d3847142a37549d
42519792	libredwg	https://github.com/LibreDWG/libredwg/commit/024934fec688b2c4dbc59a304a443d065f2a3abd
42533348	gpac	https://github.com/gpac/gpac/commit/ff627002687235bc6c585fc7ce24137cc6eeb73b
42527329	matio	https://github.com/tbeu/matio/commit/cf58a80672f4a36490cfe81de80805496218d49b
42536279	libavc	https://github.com/ittiam-systems/libavc/commit/b0117e32b9555e7069c2aef571d921bff22f502f
42522939	simdutf	https://github.com/simdutf/simdutf/commit/03280d7dbe8e91f0ecc06d88fef8adc0fbb41d14
42506986	dnsmasq	git://thekelleys.org.uk/dnsmasq.git -> 03345ecefeb0d82e3c3a4c28f27c3554f0611b39
42485315	gdal	https://github.com/OSGeo/gdal/commit/19bdfbf5111c75944405ad25e3e0995b6e9622d6
42491296	skia	https://skia.googlesource.com/skia.git/+/c1ac0637c597189656c02e0a7d2550641227b951%5E%21/
42490266	fluent-bit	https://github.com/fluent/fluent-bit/commit/16f4084f36c78d1c121a78aafb7dc1db5fe699e9
42490840	mdbtools	https://github.com/mdbtools/mdbtools/commit/1b96ef4b0dca65c3a0dd65eea26d0e9d8fb3c2db
42488076	openh264	https://github.com/cisco/openh264/commit/b52786888ddce9d6bc06b7825ba9bffc65924e0c
42533083	readstat	https://github.com/WizardMac/ReadStat/commit/c7baae72b36acdc24f56ad48d3e859850fdbdc2b
42495181	gdal	https://github.com/OSGeo/gdal/commit/ac5e1c84d0e7f49ff56c864fe01cb4b54c861329
42485192	gdal	https://github.com/OSGeo/gdal/commit/d9edcd73fce363d291719c61ce5e0d48d15bc866
42488393	openh264	https://github.com/cisco/openh264/commit/b52786888ddce9d6bc06b7825ba9bffc65924e0c
42493278	wolfssl	https://github.com/wolfssl/wolfssl/commit/41af3da0e3106c85b32429b13790fb34b2e77823
42529405	matio	https://github.com/tbeu/matio/commit/b9f55602f5880fa16d0f11e30198525bc500fc4f
429298576	njs	http://hg.nginx.org/njsa4061187dd872064aa28dac506e877df90bd128b
42510547	binutils-gdb	https://github.com/bminor/binutils-gdb/commit/cd826186c8b271fa7a1f5ff93b55acd672baf646
42520646	libredwg	https://github.com/LibreDWG/libredwg/commit/a1837c354628e6ed368fb8085858a15a7c9a0db9
42534218	gpac	https://github.com/gpac/gpac/commit/e7b07d465f821a86d7ab6fb950ddc54d29238ec4
385406635	simdutf	https://github.com/simdutf/simdutf/commit/4e721231df51524110a5a6b68b1a0f1adc57a1da
42531033	libxaac	https://github.com/ittiam-systems/libxaac/commit/2624ae15b4d115a02623ec9f231237c429337a02
42530451	libavc	https://github.com/ittiam-systems/libavc/commit/e49a9150a3b1cfc3fb9097ca02dd042e35226129
370562609	flac	https://github.com/xiph/flac/commit/50efa0c8cdf94438e8d64e7ccd60adfd2bbdab18
42517281	libraw	https://github.com/libraw/libraw/commit/63794a2471b426ff4268de6982e8a6f711163e2e
429489010	ndpi	https://github.com/ntop/nDPI/commit/759910ffe524460e9dad31d61ffafae8f5429f35
42528919	libredwg	https://github.com/LibreDWG/libredwg/commit/f522359c08d49e0f1a059ad6cc8566ddeb7a37ed
424613315	libxml2	https://gitlab.gnome.org/GNOME/libxml2/-/commit/a3992815b3d4caa4a6709406ca085c9f93856809
391916478	oatpp	https://github.com/oatpp/oatpp/commit/d84905194b5aee05d5dfeca2f3e3007579b677ed
42523594	matio	https://github.com/tbeu/matio/commit/72ef3b6a17a65d656321ac1a7fcecf6293c9c758
42483267	graphicsmagick	https://foss.heptapod.net/graphicsmagick/graphicsmagick83b4d2b4b873dc2cb29cd7dff5c209c2b8f05682
42528951	libxml2	https://gitlab.gnome.org/GNOME/libxml2/-/commit/4fc5340ec55a12cd6819395030d5d132a219984a
42484513	graphicsmagick	https://foss.heptapod.net/graphicsmagick/graphicsmagickb0aa53a5f970cc7d4954104a1c65b0d9d7f36279
42488005	openh264	https://github.com/cisco/openh264/commit/f1bb6d3acb057785b4d89e8228e23cc4fc9caa12
42523630	cpython3	https://github.com/python/cpython/commit/5078eedc5b18f0d208af6e30f60b33419132d1b6
42541364	graphicsmagick	https://foss.heptapod.net/graphicsmagick/graphicsmagick51ce9dec865586f1e09d14e6f000e388b33e182d
42529054	ndpi	https://github.com/ntop/nDPI/commit/30fc89e556e5c09bf62b9548862cc3d924b9ec81
42513890	wolfssl	https://github.com/wolfssl/wolfssl/commit/55eb460d1aa66059da534c5fa7315e0f315cadf8
42506982	dnsmasq	git://thekelleys.org.uk/dnsmasq.git -> e426c2d3bc182d790f83039b77a09d55230ca71f
42488563	openh264	https://github.com/cisco/openh264/commit/b52786888ddce9d6bc06b7825ba9bffc65924e0c
42506155	ghostpdl	https://cgit.ghostscript.com/ghostpdl.git4107288ebb23d418ff5c1a9d40c48a4f00950193
42480644	skia	https://skia.googlesource.com/skia.git/+/35c64f67235db45be33a8b1e49372f5db86e1e82%5E%21/
42520208	wolfssl	https://github.com/wolfssl/wolfssl/commit/5b8026899b9fbe24ccb3ba94cc5d3738d228ab28
42520151	wolfssl	https://github.com/wolfssl/wolfssl/commit/5b8026899b9fbe24ccb3ba94cc5d3738d228ab28
42520329	binutils-gdb	https://github.com/bminor/binutils-gdb/commit/066bd434118044487e69a9fbc5cacdee60326595
372067232	simdutf	https://github.com/simdutf/simdutf/commit/0210f3078da66f1b9512c1e5981aeb2a28bf962c
42530447	libavc	https://github.com/ittiam-systems/libavc/commit/e49a9150a3b1cfc3fb9097ca02dd042e35226129
42526932	pcre2	https://github.com/PCRE2Project/pcre2/commit/fb1c7d27db09a4d0a2b6e1486c4f1a4d332e8b8c
42541002	mupdf	https://github.com/ArtifexSoftware/mupdf/commit/09f2e173850e011e6390c49a4f761e87dd87ffba
42528994	libxml2	https://gitlab.gnome.org/GNOME/libxml2/-/commit/4fc5340ec55a12cd6819395030d5d132a219984a
42503827	binutils-gdb	https://github.com/bminor/binutils-gdb/commit/6ef4fa071e2c25b71e81a91646b43378cf957388
42503250	mruby	https://github.com/mruby/mruby/commit/b8b5d4094f4c1a34ca58d1acbaab2650df7fb228
42525317	libheif	https://github.com/strukturag/libheif/commit/94e5a84d1f05fe905e91a41e8a17e29437c3c15e
42539533	curl	https://github.com/curl/curl/commit/3c630f9b0af097663a64e5c875c580aa9808a92b
42528947	libxml2	https://gitlab.gnome.org/GNOME/libxml2/-/commit/4fc5340ec55a12cd6819395030d5d132a219984a
401868632	mruby	https://github.com/mruby/mruby/commit/f4de2059603088ff488480072f13322cd3670de2
42522792	simdutf	https://github.com/simdutf/simdutf/commit/44a5c05ced95c2464dd75e0e068f5151b797a7db
42530189	wireshark	https://github.com/wireshark/wireshark/commit/48fac2a18debb2969413e03f3d88bbb9c31500ae
42522843	libredwg	https://github.com/LibreDWG/libredwg/commit/c1ed1d91e28a6ddc7a9b5479d4795d58fb6be0ca
42506129	c-blosc2	https://github.com/Blosc/c-blosc2/commit/8ea407a6e4d57ac71499cf8fa1b7c5be4cf66dd3
42500120	pcl	https://github.com/PointCloudLibrary/pcl/commit/3f897554837966b71aa3bfd72dd7ce482e5e55ae
42490793	wireshark	https://github.com/wireshark/wireshark/commit/a2bc5b53570b1bc95e57870651932cb2096d7b6f
42511198	binutils-gdb	https://github.com/bminor/binutils-gdb/commit/6f87d3fd27417e5adb2aa6f106a614296425df57
42521509	libavc	https://github.com/ittiam-systems/libavc/commit/c0ca3b2979a6f0999c57549986f99334666e8ef7
42522936	simdutf	https://github.com/simdutf/simdutf/commit/03280d7dbe8e91f0ecc06d88fef8adc0fbb41d14
42525912	mupdf	https://github.com/ArtifexSoftware/mupdf/commit/9a35f1652ed34ea6aaa7daef36de219b1ed8a3ce
398053010	net-snmp	https://github.com/net-snmp/net-snmp/commit/0b49a5de9ad4c3875e42ea223ff61de7d3e26963
42503915	binutils-gdb	https://github.com/bminor/binutils-gdb/commit/c27cdb4c534e0b52ea877b6800f832756ee16a2f
42520945	libavc	https://github.com/ittiam-systems/libavc/commit/8739b7da75f305ab391eb36c613210c23243fe5b
42513357	mruby	https://github.com/mruby/mruby/commit/37c2f080f09390105956edb2565627f29281e24e
42532240	libredwg	https://github.com/LibreDWG/libredwg/commit/d0a274e902c6ecd8809aa81d2a4dc39f5874a100
42522894	simdutf	https://github.com/simdutf/simdutf/commit/72af817153515c8715417794e7b0d7b91eb1be12
42491507	wolfssl	https://github.com/wolfssl/wolfssl/commit/39cb84de25a9119481b9ccaa69b34dd99451435a
42488097	openh264	https://github.com/cisco/openh264/commit/b52786888ddce9d6bc06b7825ba9bffc65924e0c
42529609	arrow	https://github.com/apache/arrow/commit/84c15da1997559c37841dc16f9e2c70c643dd9d2
42539540	curl	https://github.com/curl/curl/commit/3c630f9b0af097663a64e5c875c580aa9808a92b
42537168	mupdf	https://github.com/ArtifexSoftware/mupdf/commit/711e82dde434dfe8f36feca88c5c4b9d70ab87ce
42504591	pcl	https://github.com/PointCloudLibrary/pcl/commit/3f897554837966b71aa3bfd72dd7ce482e5e55ae
42531141	libavc	https://github.com/ittiam-systems/libavc/commit/28727baf58aa7c8983769aff1ceecb3121a26ee6
398060138	libxml2	https://gitlab.gnome.org/GNOME/libxml2/-/commit/6dfa68ac7f3f55109e3cf6be78461a81333f445f
424242614	libxml2	https://gitlab.gnome.org/GNOME/libxml2/-/commit/a3992815b3d4caa4a6709406ca085c9f93856809
42518256	ghostpdl	https://cgit.ghostscript.com/ghostpdl.gitdb34d54064ae35adc78a499c49363a256f5145f6
42507890	ghostpdl	https://cgit.ghostscript.com/ghostpdl.git2c3bee693aca9204b5c138bd3e1fbeff83123c5d
42525069	binutils-gdb	https://github.com/bminor/binutils-gdb/commit/6fc018e9e593a3235dbf7026726ba4665373b741
42539956	graphicsmagick	https://foss.heptapod.net/graphicsmagick/graphicsmagicka9947a52ce3b3140e65f26c32f7217c8f180a3bc
42538854	freetype2	https://github.com/freetype/freetype2/commit/779309744222a736eba0f1731e8162fce6288d4e
42533912	radare2	https://github.com/radareorg/radare2/commit/cb190f0170a62999f53133d904f444557f44c394
42498787	wireshark	https://github.com/wireshark/wireshark/commit/1f12e1d26707123b5516540ec07f8c77aa437f31
42519984	node	https://github.com/nodejs/node/commit/3803b028dda9d7f3bf06836b5ad4522ff1ae0cb3
42540897	wireshark	https://github.com/wireshark/wireshark/commit/5a560f3f6aa2cbfad957cf6223e50c3b61ef575b
42530184	PcapPlusPlus	https://github.com/seladb/PcapPlusPlus/commit/52d25b56a46a64543d91e6d6ce925e174b0c2608
42506975	dnsmasq	git://thekelleys.org.uk/dnsmasq.git -> 03345ecefeb0d82e3c3a4c28f27c3554f0611b39
399458050	net-snmp	https://github.com/net-snmp/net-snmp/commit/4082593d733e2e03aaac74c62801f76449402651
42517385	libraw	https://github.com/libraw/libraw/commit/dc0c984edfc9b36089f86f6068ee7805e9cd9efc
42508018	zstd	https://github.com/facebook/zstd/commit/4021b784376c3790c077e9b8deedbb6a4f016687
42534463	lcms	https://github.com/mm2/Little-CMS/commit/fe8d3839799adbaf2783ebf27f1433ff8d5abd69
42537622	gpac	https://github.com/gpac/gpac/commit/ca6a0a36e52baae6f7159860b232c54241305b17
42537987	simdutf	https://github.com/simdutf/simdutf/commit/4605fef51a235baf940ea56db71c60e0389fe01e
42514245	mruby	https://github.com/mruby/mruby/commit/5ccca7e45b802051e00e3398ecf036f86ba92843
42535739	assimp	https://github.com/assimp/assimp/commit/1e09642382ef914c5178cedbbf86ac4a9b982a48
390788198	opencv	https://github.com/opencv/opencv/commit/7728dd3387112636912ff9420461ae11e37a732d
42528148	libredwg	https://github.com/LibreDWG/libredwg/commit/b0287a6d29e0c09eaffe29121bbc34c471feb87a
42486098	harfbuzz	https://github.com/harfbuzz/harfbuzz/commit/efd716de3f4c7616aedd5c449bf8d27d565d4ab6
42498884	fluent-bit	https://github.com/fluent/fluent-bit/commit/ab4cf8b51ac033e9efc554c51b779e88f99ca959
42471294	libgit2	https://github.com/libgit2/libgit2/commit/41863a00f0d811c659c9ba87ae2cc0c3aae5a77f
42471424	harfbuzz	https://github.com/harfbuzz/harfbuzz/commit/64f0becd89cc2b0136c7dc1609abc9f957525cf8
42506386	rdkit	https://github.com/rdkit/rdkit/commit/2616a929064f1ca9509813ed4c29e967c00ec824
42499353	libvips	https://github.com/libvips/libvips/commit/3b2003a31aff9ad91b2f9665d12919fe3225368b
42476999	libvips	https://github.com/libvips/libvips/commit/cdee0feb935d18a624ac5a1e0549ae619374a31c
42507214	c-blosc2	https://github.com/Blosc/c-blosc2/commit/7f4574f51ad7db56fc13de89e13e7893b1a82189
42519940	wireshark	https://github.com/wireshark/wireshark/commit/8a4f22be615054b8951c961a5c1873a89dfe8541
42505099	curl	https://github.com/curl/curl/commit/0b664ba968437715819bfe4c7ada5679d16ebbc3
42517543	wireshark	https://github.com/wireshark/wireshark/commit/86af1d6707956fa401399d16b10eeab5f24976ce
42472970	radare2	https://github.com/radare/radare2/commit/55ec5cc1938fba3c506e87c5314630f1f0736a15
40096185	skia	https://skia.googlesource.com/skia.git/+/7a3805c348c3791f86743ab6e7d10dff23c5b98b%5E%21/
42525587	ghostpdl	https://cgit.ghostscript.com/ghostpdl.gitcd3143c71173e67226dc8102b49a3b304162dcdf
389339262	assimp	https://github.com/assimp/assimp/commit/ed89a02fff7f5392783a06020f8bef93c079cf7c
42530105	PcapPlusPlus	https://github.com/seladb/PcapPlusPlus/commit/98143666674d8d50ffed878d8d91c48c9567706c
42524037	harfbuzz	https://github.com/harfbuzz/harfbuzz/commit/86658df5d29308d66ddead03f1112442df04ec27
42481957	ndpi	https://github.com/ntop/nDPI/commit/8f45f51e6ccb8b3bf65edc2f1252da1a1dad24df
42511621	openexr	https://github.com/AcademySoftwareFoundation/openexr/commit/7629dad94ac310a285099f488618cbebc5eb9a85
42536079	inchi	https://github.com/IUPAC-InChI/InChI/commit/9301aa1d62582206617c432d925a642a284e873d
42531447	ntopng	https://github.com/ntop/ntopng/commit/bfc67588eb3f60f1f24a4596e87edcdb7ec254ab
397728078	upx	https://github.com/upx/upx/commit/e52a3ceb483f3a8a22d0dffc367e6c825d2b60cc
42507334	ghostpdl	https://cgit.ghostscript.com/ghostpdl.gitfd267e86e80929b9b82d8741552250a121d4f8c9
42495373	assimp	https://github.com/assimp/assimp/commit/38df0f4376ee735863444022e1adaea06741f196
42481221	arrow	https://github.com/apache/arrow/commit/724da320eaac94003a8f1229d6a820fe8c8c1816
42483574	htslib	https://github.com/samtools/htslib/commit/382867a850b74e7285166a67ee3243560cd974ac
42529484	matio	https://github.com/tbeu/matio/commit/29e986fb1cfe09dacdbe386f441882025f652377
42492022	htslib	https://github.com/samtools/htslib/commit/90fef7300c75ca6b8834da0dcb710e27d599324e
420198855	readstat	https://github.com/WizardMac/ReadStat/commit/039118f405d4094790c61b6467b90e193731f180
42527635	libredwg	https://github.com/LibreDWG/libredwg/commit/b01634c896c29bb3a778daeef9e13ef115995610
42510454	openexr	https://github.com/AcademySoftwareFoundation/openexr/commit/672c77d7c923402f549371e08b39ece4552cbb85
42533723	pcre2	https://github.com/PCRE2Project/pcre2/commit/72713d8b9b9958f9e37eee98519d0e687e4658da
42516014	hunspell	https://github.com/hunspell/hunspell/commit/e7c38b0f85d65a6ad6af47753228f4b0df335c8e
42495043	harfbuzz	https://github.com/harfbuzz/harfbuzz/commit/adca4ce071d12998deea6bb53b223daa3aa163c5
42517117	hunspell	https://github.com/hunspell/hunspell/commit/749556fc08fed3801c15f27aed70e2c8ee83e3d8
42486052	assimp	https://github.com/assimp/assimp/commit/6a3ac623b960905b3450b78e7614453dae0540ed
42471317	libgit2	https://github.com/libgit2/libgit2/commit/52f859fd534e3c16c2c03b9a2375f00a50f3996e
42538667	skia	https://skia.googlesource.com/skia.git/+/e4be55dc28479a0ee103e5d65cd00c441feb5ff2%5E%21/
42533844	libdwarf	https://github.com/davea42/libdwarf-code/commit/2930f3121ee6b07da405103934c329bbeca0382f
42471140	harfbuzz	https://github.com/harfbuzz/harfbuzz/commit/68b705076808d4b0a4ac3bfa945b8f9ae23db1df
42472493	openvswitch	https://github.com/openvswitch/ovs/commit/401eacfb22fc4a3bd5df5752ee77adf598864955
42518552	harfbuzz	https://github.com/harfbuzz/harfbuzz/commit/4c49daf7cd961fb47126baf04240243736cae606
42487241	htslib	https://github.com/samtools/htslib/commit/8bab82bdb8c2613e1ca7bd5573d7c12117a2dc02
42513812	lcms	https://github.com/mm2/Little-CMS/commit/67736fea34fdccab2ac19391d2955d6d6808fe81
42508823	assimp	https://github.com/assimp/assimp/commit/0c07ea7c7117a8831289f843c5bae2ad628e9579
42506689	sleuthkit	https://github.com/sleuthkit/sleuthkit/commit/044c493f027b83df9f6ce5d4fc643b8862cce1f8
42484005	libpsl	https://github.com/rockdaboot/libpsl/commit/0cbb7089f60931870d19c9fc323fa0cccafd8907
42472819	aom	https://aomedia.googlesource.com/aom/+/b46542180d551d5e4eb666cf35dd62395ba43f3e%5E%21/
42513797	lcms	https://github.com/mm2/Little-CMS/commit/77758b7f815f4ced91e088ce855b31c90ad0a406
42507669	sleuthkit	https://github.com/sleuthkit/sleuthkit/commit/fce5d5e906f49c988106aeaae88ed6b6ce3e0a2a
42492002	leptonica	https://github.com/DanBloomberg/leptonica/commit/a0b59604bcf24b13af168fa45d54bbedab1d3d5d
42509256	libvips	https://github.com/libvips/libvips/commit/2fdab9ba70f5ebf22588943e951339ceb19b184e
42521342	hdf5	https://github.com/HDFGroup/hdf5/commit/07e94155a7d456d663fe19a38851556117b5e315
42502085	file	https://github.com/file/file/commit/46df39b68e51fd803d382348c0059fcb2e40b5ef
42479160	open62541	https://github.com/open62541/open62541/commit/cc7d2558ff2f63859ee1301b5d07b8b110f6cd6e
42508524	libplist	https://github.com/libimobiledevice/libplist/commit/106c4ee7f53ef800a82fce9638f29756e8b78640
42516530	skia	https://skia.googlesource.com/skia.git/+/652b26b1ab54dcb78f04c4b11c1f82b638031f1f%5E%21/
42493036	matio	https://github.com/tbeu/matio/commit/04d1deab800d962055a1c5509e25ad8dfe05c4f1
42489424	fluent-bit	https://github.com/fluent/fluent-bit/commit/68746b76af8b143daf477033a6799902be2f3cad
42493525	c-blosc2	https://github.com/Blosc/c-blosc2/commit/cb44cf0fc82cf19efb002bba0eb5cc42e9527c3f
42530471	ntopng	https://github.com/ntop/ntopng/commit/35b09487b9e38f11e5e01fc3cf9eb60b1b493f7c
42470443	graphicsmagick	https://foss.heptapod.net/graphicsmagick/graphicsmagick2c147f7b970a749bf8c0d40a61b34443d22223a3
42535137	PcapPlusPlus	https://github.com/seladb/PcapPlusPlus/commit/132c9cf00500e691995a49e08bd68a96a095e76e
42512561	yara	https://github.com/VirusTotal/yara/commit/86b0e3f7c7fc2c689db88972221b5d4da1c7214f
42541037	graphicsmagick	https://foss.heptapod.net/graphicsmagick/graphicsmagick99feb27a67193addef13b93a74ec9b3e83feb52c
42494680	pcl	https://github.com/PointCloudLibrary/pcl/commit/3f897554837966b71aa3bfd72dd7ce482e5e55ae
42474927	wget2	https://gitlab.com/gnuwget/wget2/-/commit/6e5c820cf7a1d54b7732af3c6a3c9727d4bd78bf
42483053	fmt	https://github.com/fmtlib/fmt/commit/c9a57b9a81868188470c611e09accc189383e4ad
42536117	PcapPlusPlus	https://github.com/seladb/PcapPlusPlus/commit/0fc73bffe881eb5c3d0e160697ac2de7c9d5dc34
42486529	sleuthkit	https://github.com/sleuthkit/sleuthkit/commit/5feda0aed227695c2fbf37a498410715f54c7b05
437060549	libdwarf	https://github.com/davea42/libdwarf-code/commit/efa242489a69b13bc6eedc6766880335ac42d158
42517687	librawspeed	https://github.com/darktable-org/rawspeed/commit/e29d15cda20e6e7c7e1122c30bff7805a2e59fbc
42503022	open62541	https://github.com/open62541/open62541/commit/9e0d1ac7d752b44d4d37fb9da632388dc069f2d7
386128948	wamr	https://github.com/bytecodealliance/wasm-micro-runtime/commit/1958808a2485e14a179dd57563dbb628c4268c84
42490130	serenity	https://github.com/SerenityOS/serenity/commit/068615fe5e25ff763d84262c615ab4c1f178a708
42527533	irssi	https://github.com/irssi/irssi/commit/e32e9d63c67ab95ef0576154680a6c52334b97af
42493110	php-src	https://github.com/php/php-src/commit/882862563a8281457afb9c5ad93763605e295270
414204706	matio	https://github.com/tbeu/matio/commit/60911588e07c1c54730d94d92ee6d6a0024699d9
42489627	sleuthkit	https://github.com/sleuthkit/sleuthkit/commit/0954034dc1ac757cfc125539c41cc2b42525b303
42527282	ntopng	https://github.com/ntop/ntopng/commit/92e1afc047c3063a0ff69219838138157f114c6f
42491774	c-blosc2	https://github.com/Blosc/c-blosc2/commit/c473b21cff5e1a459b4467f18bf7414114f848fd
42493933	c-blosc2	https://github.com/Blosc/c-blosc2/commit/4f6d42ab4b25e781dad94c5324dab8a4dbb702ad
42532722	freeradius-server	https://github.com/FreeRADIUS/freeradius-server/commit/dbac50e667c70419625ce52eebb8b928f1ee6dfa
42522139	libredwg	https://github.com/LibreDWG/libredwg/commit/02fd447dbbcc68d6e3cf819ccc0f8fb6c9bb07aa
42506130	glib	https://gitlab.gnome.org/GNOME/glib263ca69da80eab0a2b8e3308a562675a8c643988
42491999	c-blosc2	https://github.com/Blosc/c-blosc2/commit/5b2009c497d5e3f2e3265795fa1aab12bfd0adcc
42483644	leptonica	https://github.com/DanBloomberg/leptonica/commit/33e0c892ff0036da5d23dce834f384df786c91bb
42479300	libxslt	https://gitlab.gnome.org/GNOME/libxslt.gitb6f38bfdd2241cded26d20036d99669df305ce7e
42529008	libredwg	https://github.com/LibreDWG/libredwg/commit/b01634c896c29bb3a778daeef9e13ef115995610
42486780	c-blosc2	https://github.com/Blosc/c-blosc2/commit/d80b5acaf23ec4c2453a348b35096b99601fcde5
42504323	php-src	https://github.com/php/php-src/commit/4a455c1484a3ea337671ee21673e11bac1b7daea
42501162	kamailio	https://github.com/kamailio/kamailio/commit/20db418f1e35f31d7a90d7cabbd22ae989b7266c
420740685	gpac	https://github.com/gpac/gpac/commit/224179c190e44782bdc459962351eafc6f647d6e
42532260	upx	https://github.com/upx/upx/commit/69c51eee4df002cc4f2c3650012c54cddae256fc
42522665	serenity	https://github.com/SerenityOS/serenity/commit/c1d7a51391839e77fce4b466026353acae74ba02
42504105	libvips	https://github.com/libvips/libvips/commit/30fdc3df779382e3e1857792c22fe363fff6cb31
42513382	php-src	https://github.com/php/php-src/commit/c6eb5dc5fdf8373b3f6cd1c121100cad7e75f69a
42517178	hunspell	https://github.com/hunspell/hunspell/commit/cbaaf7fd814793c204398519821b4ef8139a23b4
42511520	assimp	https://github.com/assimp/assimp/commit/4b85eb59c23bd87bf64ec0e84c93c2be5eda4898
42540456	graphicsmagick	https://foss.heptapod.net/graphicsmagick/graphicsmagick29dbb71f909507b94e3c0b6aecc27656c37c26a4
42541221	pcre2	https://github.com/PCRE2Project/pcre2/commit/7d97c226c72fd794295f311e101b3cdf67942092
42529718	serenity	https://github.com/SerenityOS/serenity/commit/a6f9ad60124c4dd355084240019abc1e7d62baba
42530069	matio	https://github.com/tbeu/matio/commit/29e986fb1cfe09dacdbe386f441882025f652377
42477979	libhevc	https://android.googlesource.com/platform/external/libhevc/+/4d36db275bb4d0abc410415f6d8f5af4bc179102%5E%21/
42533590	gpac	https://github.com/gpac/gpac/commit/5a7b8954b0f2c16fae4b414cdb4fdb74b73df934
42471682	aom	https://aomedia.googlesource.com/aom/+/0ad5c625be27d7a3622dae95e9afe5e66b112d46%5E%21/
42504736	libvips	https://github.com/libvips/libvips/commit/5b089951ac8e92670df03ddfaca5d5f2b7cbbebd
42491690	php-src	https://github.com/php/php-src/commit/cebdad4b533c350ee59e9437a85ed65096a128f0
42493212	serenity	https://github.com/SerenityOS/serenity/commit/3fe7ac0924ada70faaf27636b6e0f40bcde24f77
42524709	openexr	https://github.com/AcademySoftwareFoundation/openexr/commit/425d4b24e08e21e7052e3163d0d69af1c1e591a6
42537851	haproxy	https://github.com/haproxy/haproxy/commit/0982bfd9997d73bae1257da56413898f5f8d97fe
42502614	libheif	https://github.com/strukturag/libheif/commit/11ffeffadd980f9f96019fe180fc1e81827e3790
42535883	gpac	https://github.com/gpac/gpac/commit/52066200e0a59ab5ef0d6800426f1520eea48cba
42530151	lcms	https://github.com/mm2/Little-CMS/commit/1176e61afea4b58c5f92c6f226cdb7b1c76797d5
42523836	flac	https://github.com/xiph/flac/commit/183b22ac320c5e59f1d14b0fda395cecad38b932
42502098	kamailio	https://github.com/kamailio/kamailio/commit/bf6bd11a9b969c02a106f94ebf40cefbe8028456
401712861	opencv	https://github.com/opencv/opencv/commit/71fe90312101c157702525e10296a4dcd4a15f3f
42519762	gstreamer	https://gitlab.freedesktop.org/gstreamer/gstreamer.gitfa2b98f9579c5b9069753ae390a05d16fb5526f9
42487835	openh264	https://github.com/cisco/openh264/commit/f1bb6d3acb057785b4d89e8228e23cc4fc9caa12
42539477	graphicsmagick	https://foss.heptapod.net/graphicsmagick/graphicsmagickf2a453ced38e30c87b824cc19cd75919642873c4
42511519	json	https://github.com/nlohmann/json/commit/93c9e0c703b98f5082413920a62067ae0b68671e
42479230	radare2	https://github.com/radare/radare2/commit/74958b8e88879302d6f61a813943b968cf03dbd5
42533827	pcre2	https://github.com/PCRE2Project/pcre2/commit/dcece81c15ddb0131e32389a7137df869a400397
42527948	libxaac	https://github.com/ittiam-systems/libxaac/commit/ccdced7d6a30828a9988616f199cea014150175d
42490229	fluent-bit	https://github.com/fluent/fluent-bit/commit/4c1de376612bb0665bc0c1e3c4b03790a949ac3f
42524024	assimp	https://github.com/assimp/assimp/commit/bc7ef58b4947a01f4f7163b47b96ca273473d7eb
42509060	matio	https://github.com/tbeu/matio/commit/04d1deab800d962055a1c5509e25ad8dfe05c4f1
42530150	serenity	https://github.com/SerenityOS/serenity/commit/e1b438bb1ab2e49a7a472a71efa5e2d32c4829e6
42521522	hdf5	https://github.com/HDFGroup/hdf5/commit/14a19b8c905328344c7d33505986d340eab34933
42499668	fluent-bit	https://github.com/fluent/fluent-bit/commit/05144b2d99a4d88db561d0329e4bd97453d466e1
42498350	sleuthkit	https://github.com/sleuthkit/sleuthkit/commit/3cf945255ae546e507ee4c884dd83a4d3f669c72
398067543	net-snmp	https://github.com/net-snmp/net-snmp/commit/2b3e0837830e14c7747ac1e175017c733d9d62b3
42508187	fluent-bit	https://github.com/fluent/fluent-bit/commit/67b144340b46bbc2585363cc1fb2de6b662e7b36
42518190	opensips	https://github.com/OpenSIPS/opensips/commit/e060fe93429b6da665a4d4210a49876b43223a17
42515479	lcms	https://github.com/mm2/Little-CMS/commit/ba7004c8ff07bee2c9b6bccb8036611d8b0b2408
42536925	libjxl	https://github.com/libjxl/libjxl/commit/5ddb303a1457899d845dc7d385b562e340d2e473
42478424	graphicsmagick	https://foss.heptapod.net/graphicsmagick/graphicsmagick53ff1a445fb6d04ef4a337bb7ab0a09c53a24216
42477466	curl	https://github.com/curl/curl/commit/65fda739ee35c090b2e6d91229287de734f0fbae
42495135	libvips	https://github.com/libvips/libvips/commit/9f15567f2cf9388aa0f180c3f33e4d24989f1edf
42530108	PcapPlusPlus	https://github.com/seladb/PcapPlusPlus/commit/6a5cb61eba4f082f7dcd4e87031520102e1babdf
42540959	openvswitch	https://github.com/openvswitch/ovs/commit/4fe08016068514be7a8751d86f6ad30bde344949
42524877	mupdf	https://github.com/ArtifexSoftware/mupdf/commit/ab9112d95d2af2ca5d9d48ee9d248fbd813c9c2f
42526893	PcapPlusPlus	https://github.com/seladb/PcapPlusPlus/commit/6986e81f6fa441a56c4effe2bf2f177ca892255e
42512849	espeak-ng	https://github.com/espeak-ng/espeak-ng/commit/482ee1da05189252c3dee49514506e1d2271a2c0
42488709	libvips	https://github.com/libvips/libvips/commit/91d9610a55409d03b91d5ff0d2022aa1b7b58269
42475066	libarchive	https://github.com/libarchive/libarchive/commit/f7b1d38b31877f39ea979722ddf1ef072a6c3af4
42508737	opensips	https://github.com/OpenSIPS/opensips/commit/a880e1faee1df2b23054de13689de97b2ec08f28
42485153	leptonica	https://github.com/DanBloomberg/leptonica/commit/5ba34b1fe741d69d43a6c8cf767756997eadd87c
42515667	hunspell	https://github.com/hunspell/hunspell/commit/ebf0e2ce8d903815a6e8d828286394b6f8830860
42517801	oniguruma	https://github.com/kkos/oniguruma/commit/34eac8830181bc348dab845932ae3368d1bcf3ff
42471287	libgit2	https://github.com/libgit2/libgit2/commit/f647bbc88d243a81d8771ba2fd1c346c34a3d9d7
42501732	libucl	https://github.com/vstakhov/libucl/commit/a9c0965ebe15c1f8a79709bd0214cd7ea887fb7b
42540355	graphicsmagick	https://foss.heptapod.net/graphicsmagick/graphicsmagickf5e2fc49d2d5fa296a852f5f66c60f37dac76853
42496725	sleuthkit	https://github.com/sleuthkit/sleuthkit/commit/e4f8252079d277548d7194c510e27536928c4f4f
42492823	serenity	https://github.com/SerenityOS/serenity/commit/5e1c1eb840b764ad196e76fe489f2d1c0006b08d
42475201	karchive	https://invent.kde.org/frameworks/karchive/-/commit/9bf237c71c36aea23b96e0bf5cd2752234f0e330
42513834	lcms	https://github.com/mm2/Little-CMS/commit/77758b7f815f4ced91e088ce855b31c90ad0a406
42531672	upx	https://github.com/upx/upx/commit/d3e780d617014a883b2b181021b58d11b98eb46c
42497965	fluent-bit	https://github.com/fluent/fluent-bit/commit/1c3811ba12bf924a96c916e2409a0d41c336debf
42523506	libheif	https://github.com/strukturag/libheif/commit/464956e1fd9b2a701f7d3bfd98ba2217eed190ad
42532659	mruby	https://github.com/mruby/mruby/commit/9c840a68e212fb54136b67711daff331435c1ce7
42521820	libdwarf	https://github.com/davea42/libdwarf-code/commit/d2c18155f5d04011ac7d81d0ea696a9d34daa0c8
42489818	aom	https://aomedia.googlesource.com/aom/+/7822c0665c60a95ac381953002fc710b84abedc3%5E%21/
42490150	serenity	https://github.com/SerenityOS/serenity/commit/461bdeda2b54e478cc77f13c96991949a286af30
42517970	opensips	https://github.com/OpenSIPS/opensips/commit/a008e7c2385bcd83de2f9ab155ed8a9452bf3c5c
391689728	kamailio	https://github.com/kamailio/kamailio/commit/3198b66aa5dbda1c6a03f46a610073671cbd5157
42471519	openthread	https://github.com/openthread/openthread/commit/bf72fd8f8d4a898c019f279c8605e66fc0b42878
376515517	file	https://github.com/file/file/commit/81a0cbd10c347496bdee7dde78f7e47a16b4e79f
42516899	libarchive	https://github.com/libarchive/libarchive/commit/fa4b613f2e2510bd036f2eeed2fece97cd18b079
42524837	openexr	https://github.com/AcademySoftwareFoundation/openexr/commit/425d4b24e08e21e7052e3163d0d69af1c1e591a6
42513788	lcms	https://github.com/mm2/Little-CMS/commit/77758b7f815f4ced91e088ce855b31c90ad0a406
42498551	mruby	https://github.com/mruby/mruby/commit/a624da6fdb160b9a70a96c1ffe9dec017d7f5cb4
42515962	hunspell	https://github.com/hunspell/hunspell/commit/810859c7e74830d606140a1d28d24ff02977fded
42525240	ntopng	https://github.com/ntop/ntopng/commit/499d060fb12ecacf83489d62bcf95214d4e8ad0a
42490691	openh264	https://github.com/cisco/openh264/commit/b52786888ddce9d6bc06b7825ba9bffc65924e0c
42499879	net-snmp	https://github.com/net-snmp/net-snmp/commit/4f4a37ee1825d8e723364af6ec84c109594cd29c
42528680	libdwarf	https://github.com/davea42/libdwarf-code/commit/e8df98c5c6629b75402b8ea5e5a44797fb3ae4b3
42526513	duckdb	https://github.com/duckdb/duckdb/commit/e7af0f41a92f68e9a94784c3cc3c8f6c6c5ef5ef
42534694	fwupd	https://github.com/fwupd/fwupd/commit/a2e0d7447761e584cdffca0449d2cf907ae0d31f
42530704	mupdf	https://github.com/ArtifexSoftware/mupdf/commit/67d1055a074c5c06155405c49309d300b8c485a2
42508774	librawspeed	https://github.com/darktable-org/rawspeed/commit/b1f750c11bd75ac79fb5ca532aed468939f216f3
42475545	radare2	https://github.com/radare/radare2/commit/9392fc7117dd5240c76d8ab81d84b482bc968339
42527523	librawspeed	https://github.com/darktable-org/rawspeed/commit/b79d3f2ab9df07be675d262474a70f59eae55a66
42487979	openh264	https://github.com/cisco/openh264/commit/f1bb6d3acb057785b4d89e8228e23cc4fc9caa12
42518895	hunspell	https://github.com/hunspell/hunspell/commit/bf229433b9ba7131bd80b52b8c71399230e0dc12
42511644	openexr	https://github.com/AcademySoftwareFoundation/openexr/commit/7629dad94ac310a285099f488618cbebc5eb9a85
42517205	curl	https://github.com/curl/curl/commit/cb5accab9ee3abdee777b59b463b5e0ca05a490a
42496643	php-src	https://github.com/php/php-src/commit/bb0107b63dec8de5b0f3c3f535d3c52c2decda28
42530139	njs	http://hg.nginx.org/njscb1baa3906f8f42f4bf69daba5b96d0377fd8163
42520011	libplist	https://github.com/libimobiledevice/libplist/commit/47a7fbe438ee7350a2b151e007f07043ef596775
42492135	htslib	https://github.com/samtools/htscodecs/commit/cc8a207b883e2f953c7e2e19a7d33a0e370bc1ee
42540566	freetype2	https://github.com/freetype/freetype2/commit/1079063701986505980f5c5183b3a92700dc1cf5
383170478	upx	https://github.com/upx/upx/commit/ef8a24ba53b31f646fb7b1aefe55906ef39798c9
42527220	kimageformats	https://invent.kde.org/frameworks/kimageformats/-/commit/274f30e00840cfe0d4476f3b7959cf847a4f9104
42509273	php-src	https://github.com/php/php-src/commit/c4ecd82f9399850a36bf2466d0a54a045b6dfa15
42532906	libdwarf	https://github.com/davea42/libdwarf-code/commit/812f5db1c0fd4369e4c3b6bb8b132c70b6940320
42522777	libdwarf	https://github.com/davea42/libdwarf-code/commit/36e4063ade31c9ea6ea5df973d2045b36877885b
42541665	file	https://github.com/file/file/commit/87f27958cfbb05d262504976f66db70c24d5061f
42525566	ntopng	https://github.com/ntop/ntopng/commit/1878ba1edfdbb0767d7a282b46caf5ec07bdeaf0
42502527	php-src	https://github.com/php/php-src/commit/2dd61521f230130a04e74d563dd9e823f269c621
42528140	zeek	https://github.com/zeek/zeek/commit/fd84b793c614f4821818e5a29ec38ab3e4822d54
42507708	librawspeed	https://github.com/darktable-org/rawspeed/commit/2fb7cad53e051d21db0390b370bff07fcba9f2be
418101791	wamr	https://github.com/bytecodealliance/wasm-micro-runtime/commit/0127eafbe56284836bc97aefcce1dd628545a107
425413855	glaze	https://github.com/stephenberry/glaze/commit/6efaddda571f7b76bc38c573a45e6ab78cb6eec6
42474124	radare2	https://github.com/radare/radare2/commit/c10df533f658e068cfcadbf400c65b9dd579040a
42522507	libxml2	https://gitlab.gnome.org/GNOME/libxml2/-/commit/7fbd454d9f70f0f0c0a0c27a7d541fed4d038c2a
42522712	libxml2	https://gitlab.gnome.org/GNOME/libxml2/-/commit/1061537efdf3874c91fd50d18f98c4b8a3518e52
42522281	libxml2	https://gitlab.gnome.org/GNOME/libxml2/-/commit/ca2bfecea9c23f8d2e11741fff7c6a5372c56bb8
42522441	libxml2	https://gitlab.gnome.org/GNOME/libxml2/-/commit/067986fa674f0811614dab4c4572f5f7ff483400
42479497	lwan	https://github.com/lpereira/lwan/commit/604eb733ecdbe8f637787825223c4c4ba5a3459c
42503978	freeradius-server	https://github.com/FreeRADIUS/freeradius-server/commit/35d9a658b48f73faee44fc45ce3e11b0d10bfeb1
42497197	espeak-ng	https://github.com/espeak-ng/espeak-ng/commit/65cccab7420ae67178bfe710fee727d21581200a
42479388	lwan	https://github.com/lpereira/lwan/commit/ab882fe013ec880425bd918e0bcbf9e798361585
42540492	capstonenext	https://github.com/aquynh/capstone/commit/dd82c3a88a99359821c2505fadbb2e015140fc81
42489398	arrow	https://github.com/apache/arrow/commit/be13bf50fe00f0f4c2d065a61db189d6c59b1f7b
42507049	zstd	https://github.com/facebook/zstd/commit/4d8a2132d0e453232a46dd448e5137035ba25bee
42522274	libxslt	https://gitlab.gnome.org/GNOME/libxslt.gitc401ed2166493eeaf5d00dc47fe139a6f47fd5cf
42503442	freeradius-server	https://github.com/FreeRADIUS/freeradius-server/commit/35d9a658b48f73faee44fc45ce3e11b0d10bfeb1
42497478	espeak-ng	https://github.com/espeak-ng/espeak-ng/commit/5ae18f9d4af637fcb2aa44193c0d330e0405e500
42531102	php-src	https://github.com/php/php-src/commit/2b8c00850b86ab40457dcd09a35a8cd9e0c4f9f0
42479369	lwan	https://github.com/lpereira/lwan/commit/ab882fe013ec880425bd918e0bcbf9e798361585
42522611	libxslt	https://gitlab.gnome.org/GNOME/libxslt.git569328d95d418f10067bb5915147d600986f9058
42531112	php-src	https://github.com/php/php-src/commit/2b8c00850b86ab40457dcd09a35a8cd9e0c4f9f0
42531670	libjxl	https://github.com/libjxl/libjxl/commit/06aec61435eab1c511c4c809e5ebd637c2551839
42528035	libxaac	https://github.com/ittiam-systems/libxaac/commit/56716426e2087e604ee6267129857b409e53ab09
42521585	libdwarf	https://github.com/davea42/libdwarf-code/commit/680899627db6f05b8cf8d86272255563b6d81ebd
42524491	openexr	https://github.com/AcademySoftwareFoundation/openexr/commit/6f235a803c6370583891f008181f85a91eedb681
42472863	openthread	https://github.com/openthread/openthread/commit/a00c53883001654444f45db8c15aff38e15b4a04
42476618	openthread	https://github.com/openthread/openthread/commit/a211901f62b96fb6fb0ee792dab4007c64b44e18
42484819	rdkit	https://github.com/rdkit/rdkit/commit/a9010da8a4af17479c706f2cf4e8c6acdc1585ce
42524801	openthread	https://github.com/openthread/openthread/commit/56bf6a79f773419d21e0426915c7b3a3951d1bdf
42509095	fluent-bit	https://github.com/fluent/fluent-bit/commit/60c668c824a46a88e332c73737423043e2ded3fa
42524012	openthread	https://github.com/openthread/openthread/commit/1318d7942ed6256665b5d83b62ce51ec8893f5c7
42520029	mupdf	https://github.com/ArtifexSoftware/mupdf/commit/74e920a40e0aea93f7cefca6e6bbff249d637b18
385180600	openthread	https://github.com/openthread/openthread/commit/151444f7dd808aa8fb1431804a6f5649e0569b17
42516081	hunspell	https://github.com/hunspell/hunspell/commit/35c3cad4d70b222e7c1d73211a79a96ff7bf3651
42496965	espeak-ng	https://github.com/espeak-ng/espeak-ng/commit/65cccab7420ae67178bfe710fee727d21581200a
42507578	leptonica	https://github.com/DanBloomberg/leptonica/commit/748723a795e48ce0ec0ce2fa78082ef0c62aac9c
42517080	hunspell	https://github.com/hunspell/hunspell/commit/f3f90ae7301595761d3445097ce111ffd5220e2d
42488023	fluent-bit	https://github.com/fluent/fluent-bit/commit/8315c5029f1b8bc855a2263b1986f22d24cd1a3b
42530230	PcapPlusPlus	https://github.com/seladb/PcapPlusPlus/commit/5f1895a7b496fa78a2927bd5fe610ab619a3f49b
396958482	net-snmp	https://github.com/net-snmp/net-snmp/commit/2342de96b4968969e2f01f3970905963053b0504
42475962	openthread	https://github.com/openthread/openthread/commit/8224b3c49f8bd285ad5658c1b3cd9683d6627bdb
42490332	openthread	https://github.com/openthread/openthread/commit/02f7dbb42be7f75355436ec43bc82d0b2b4caad6
42536536	qpdf	https://github.com/qpdf/qpdf/commit/8ae3ef28ac34fddb1cc8b03b2479f499e4af5f8a
42527841	icu	https://github.com/unicode-org/icu/commit/68a61daa959c03f4c624d73802d98730c35ad3da
415850462	haproxy	https://github.com/haproxy/haproxy/commit/10e6d0bd5702586a11daf8bd320713e0b501e37d
42539272	openthread	https://github.com/openthread/openthread/commit/3af0bda8b79ed775d3b243bfb794ebdeb51378e2
42486973	rnp	https://github.com/rnpgp/rnp/commit/43006e3eaf712f9e5f39e9cd11cf0fcec0ba0237
42490832	perfetto	https://android.googlesource.com/platform/external/perfetto//+/23280234a3ee0ef4b96c11b31d57a9575142f1e4%5E%21/
42505706	php-src	https://github.com/php/php-src/commit/da684582d74a2c4016f5d9ccad78ce587fcd0b83
