372067232	simdutf	https://github.com/simdutf/simdutf/commit/0210f3078da66f1b9512c1e5981aeb2a28bf962c
376515517	file	https://github.com/file/file/commit/81a0cbd10c347496bdee7dde78f7e47a16b4e79f
385180600	openthread	https://github.com/openthread/openthread/commit/151444f7dd808aa8fb1431804a6f5649e0569b17
385406635	simdutf	https://github.com/simdutf/simdutf/commit/4e721231df51524110a5a6b68b1a0f1adc57a1da
386128948	wamr	https://github.com/bytecodealliance/wasm-micro-runtime/commit/1958808a2485e14a179dd57563dbb628c4268c84
389339262	assimp	https://github.com/assimp/assimp/commit/ed89a02fff7f5392783a06020f8bef93c079cf7c
390788198	opencv	https://github.com/opencv/opencv/commit/7728dd3387112636912ff9420461ae11e37a732d
391916478	oatpp	https://github.com/oatpp/oatpp/commit/d84905194b5aee05d5dfeca2f3e3007579b677ed
396958482	net-snmp	https://github.com/net-snmp/net-snmp/commit/2342de96b4968969e2f01f3970905963053b0504
397728078	upx	https://github.com/upx/upx/commit/e52a3ceb483f3a8a22d0dffc367e6c825d2b60cc
398053010	net-snmp	https://github.com/net-snmp/net-snmp/commit/0b49a5de9ad4c3875e42ea223ff61de7d3e26963
399458050	net-snmp	https://github.com/net-snmp/net-snmp/commit/4082593d733e2e03aaac74c62801f76449402651
40096185	skia	https://skia.googlesource.com/skia.git/+/7a3805c348c3791f86743ab6e7d10dff23c5b98b%5E%21/
415850462	haproxy	https://github.com/haproxy/haproxy/commit/10e6d0bd5702586a11daf8bd320713e0b501e37d
418101791	wamr	https://github.com/bytecodealliance/wasm-micro-runtime/commit/0127eafbe56284836bc97aefcce1dd628545a107
420198855	readstat	https://github.com/WizardMac/ReadStat/commit/039118f405d4094790c61b6467b90e193731f180
424242614	libxml2	https://gitlab.gnome.org/GNOME/libxml2/-/commit/a3992815b3d4caa4a6709406ca085c9f93856809
424613315	libxml2	https://gitlab.gnome.org/GNOME/libxml2/-/commit/a3992815b3d4caa4a6709406ca085c9f93856809
42470443	graphicsmagick	https://foss.heptapod.net/graphicsmagick/graphicsmagick2c147f7b970a749bf8c0d40a61b34443d22223a3
42471294	libgit2	https://github.com/libgit2/libgit2/commit/41863a00f0d811c659c9ba87ae2cc0c3aae5a77f
42471317	libgit2	https://github.com/libgit2/libgit2/commit/52f859fd534e3c16c2c03b9a2375f00a50f3996e
42471519	openthread	https://github.com/openthread/openthread/commit/bf72fd8f8d4a898c019f279c8605e66fc0b42878
42472493	openvswitch	https://github.com/openvswitch/ovs/commit/401eacfb22fc4a3bd5df5752ee77adf598864955
42472970	radare2	https://github.com/radare/radare2/commit/55ec5cc1938fba3c506e87c5314630f1f0736a15
42474124	radare2	https://github.com/radare/radare2/commit/c10df533f658e068cfcadbf400c65b9dd579040a
42475962	openthread	https://github.com/openthread/openthread/commit/8224b3c49f8bd285ad5658c1b3cd9683d6627bdb
42476618	openthread	https://github.com/openthread/openthread/commit/a211901f62b96fb6fb0ee792dab4007c64b44e18
42476999	libvips	https://github.com/libvips/libvips/commit/cdee0feb935d18a624ac5a1e0549ae619374a31c
42479230	radare2	https://github.com/radare/radare2/commit/74958b8e88879302d6f61a813943b968cf03dbd5
42479369	lwan	https://github.com/lpereira/lwan/commit/ab882fe013ec880425bd918e0bcbf9e798361585
42479497	lwan	https://github.com/lpereira/lwan/commit/604eb733ecdbe8f637787825223c4c4ba5a3459c
42481221	arrow	https://github.com/apache/arrow/commit/724da320eaac94003a8f1229d6a820fe8c8c1816
42481957	ndpi	https://github.com/ntop/nDPI/commit/8f45f51e6ccb8b3bf65edc2f1252da1a1dad24df
42483574	htslib	https://github.com/samtools/htslib/commit/382867a850b74e7285166a67ee3243560cd974ac
42484819	rdkit	https://github.com/rdkit/rdkit/commit/a9010da8a4af17479c706f2cf4e8c6acdc1585ce
42485153	leptonica	https://github.com/DanBloomberg/leptonica/commit/5ba34b1fe741d69d43a6c8cf767756997eadd87c
42486052	assimp	https://github.com/assimp/assimp/commit/6a3ac623b960905b3450b78e7614453dae0540ed
42487241	htslib	https://github.com/samtools/htslib/commit/8bab82bdb8c2613e1ca7bd5573d7c12117a2dc02
42487835	openh264	https://github.com/cisco/openh264/commit/f1bb6d3acb057785b4d89e8228e23cc4fc9caa12
42487979	openh264	https://github.com/cisco/openh264/commit/f1bb6d3acb057785b4d89e8228e23cc4fc9caa12
42488023	fluent-bit	https://github.com/fluent/fluent-bit/commit/8315c5029f1b8bc855a2263b1986f22d24cd1a3b
42488097	openh264	https://github.com/cisco/openh264/commit/b52786888ddce9d6bc06b7825ba9bffc65924e0c
42488709	libvips	https://github.com/libvips/libvips/commit/91d9610a55409d03b91d5ff0d2022aa1b7b58269
42489398	arrow	https://github.com/apache/arrow/commit/be13bf50fe00f0f4c2d065a61db189d6c59b1f7b
42489424	fluent-bit	https://github.com/fluent/fluent-bit/commit/68746b76af8b143daf477033a6799902be2f3cad
42489818	aom	https://aomedia.googlesource.com/aom/+/7822c0665c60a95ac381953002fc710b84abedc3%5E%21/
42490229	fluent-bit	https://github.com/fluent/fluent-bit/commit/4c1de376612bb0665bc0c1e3c4b03790a949ac3f
42490332	openthread	https://github.com/openthread/openthread/commit/02f7dbb42be7f75355436ec43bc82d0b2b4caad6
42490691	openh264	https://github.com/cisco/openh264/commit/b52786888ddce9d6bc06b7825ba9bffc65924e0c
42490793	wireshark	https://github.com/wireshark/wireshark/commit/a2bc5b53570b1bc95e57870651932cb2096d7b6f
42491507	wolfssl	https://github.com/wolfssl/wolfssl/commit/39cb84de25a9119481b9ccaa69b34dd99451435a
42491774	c-blosc2	https://github.com/Blosc/c-blosc2/commit/c473b21cff5e1a459b4467f18bf7414114f848fd
42492002	leptonica	https://github.com/DanBloomberg/leptonica/commit/a0b59604bcf24b13af168fa45d54bbedab1d3d5d
42492022	htslib	https://github.com/samtools/htslib/commit/90fef7300c75ca6b8834da0dcb710e27d599324e
42492135	htslib	https://github.com/samtools/htscodecs/commit/cc8a207b883e2f953c7e2e19a7d33a0e370bc1ee
42492581	wolfssl	https://github.com/wolfssl/wolfssl/commit/3fd2647383318d5ca0c4ec3ef99119c863c51528
42492823	serenity	https://github.com/SerenityOS/serenity/commit/5e1c1eb840b764ad196e76fe489f2d1c0006b08d
42495373	assimp	https://github.com/assimp/assimp/commit/38df0f4376ee735863444022e1adaea06741f196
42497478	espeak-ng	https://github.com/espeak-ng/espeak-ng/commit/5ae18f9d4af637fcb2aa44193c0d330e0405e500
42498551	mruby	https://github.com/mruby/mruby/commit/a624da6fdb160b9a70a96c1ffe9dec017d7f5cb4
42498787	wireshark	https://github.com/wireshark/wireshark/commit/1f12e1d26707123b5516540ec07f8c77aa437f31
42498884	fluent-bit	https://github.com/fluent/fluent-bit/commit/ab4cf8b51ac033e9efc554c51b779e88f99ca959
42499879	net-snmp	https://github.com/net-snmp/net-snmp/commit/4f4a37ee1825d8e723364af6ec84c109594cd29c
42503442	freeradius-server	https://github.com/FreeRADIUS/freeradius-server/commit/35d9a658b48f73faee44fc45ce3e11b0d10bfeb1
42503978	freeradius-server	https://github.com/FreeRADIUS/freeradius-server/commit/35d9a658b48f73faee44fc45ce3e11b0d10bfeb1
42505099	curl	https://github.com/curl/curl/commit/0b664ba968437715819bfe4c7ada5679d16ebbc3
42505706	php-src	https://github.com/php/php-src/commit/da684582d74a2c4016f5d9ccad78ce587fcd0b83
42506386	rdkit	https://github.com/rdkit/rdkit/commit/2616a929064f1ca9509813ed4c29e967c00ec824
42506689	sleuthkit	https://github.com/sleuthkit/sleuthkit/commit/044c493f027b83df9f6ce5d4fc643b8862cce1f8
42507214	c-blosc2	https://github.com/Blosc/c-blosc2/commit/7f4574f51ad7db56fc13de89e13e7893b1a82189
42507578	leptonica	https://github.com/DanBloomberg/leptonica/commit/748723a795e48ce0ec0ce2fa78082ef0c62aac9c
42507708	librawspeed	https://github.com/darktable-org/rawspeed/commit/2fb7cad53e051d21db0390b370bff07fcba9f2be
42508018	zstd	https://github.com/facebook/zstd/commit/4021b784376c3790c077e9b8deedbb6a4f016687
42508774	librawspeed	https://github.com/darktable-org/rawspeed/commit/b1f750c11bd75ac79fb5ca532aed468939f216f3
42509095	fluent-bit	https://github.com/fluent/fluent-bit/commit/60c668c824a46a88e332c73737423043e2ded3fa
42510454	openexr	https://github.com/AcademySoftwareFoundation/openexr/commit/672c77d7c923402f549371e08b39ece4552cbb85
42511621	openexr	https://github.com/AcademySoftwareFoundation/openexr/commit/7629dad94ac310a285099f488618cbebc5eb9a85
42511644	openexr	https://github.com/AcademySoftwareFoundation/openexr/commit/7629dad94ac310a285099f488618cbebc5eb9a85
42512849	espeak-ng	https://github.com/espeak-ng/espeak-ng/commit/482ee1da05189252c3dee49514506e1d2271a2c0
42513357	mruby	https://github.com/mruby/mruby/commit/37c2f080f09390105956edb2565627f29281e24e
42513788	lcms	https://github.com/mm2/Little-CMS/commit/77758b7f815f4ced91e088ce855b31c90ad0a406
42513797	lcms	https://github.com/mm2/Little-CMS/commit/77758b7f815f4ced91e088ce855b31c90ad0a406
42513812	lcms	https://github.com/mm2/Little-CMS/commit/67736fea34fdccab2ac19391d2955d6d6808fe81
42513890	wolfssl	https://github.com/wolfssl/wolfssl/commit/55eb460d1aa66059da534c5fa7315e0f315cadf8
42514245	mruby	https://github.com/mruby/mruby/commit/5ccca7e45b802051e00e3398ecf036f86ba92843
42515962	hunspell	https://github.com/hunspell/hunspell/commit/810859c7e74830d606140a1d28d24ff02977fded
42516014	hunspell	https://github.com/hunspell/hunspell/commit/e7c38b0f85d65a6ad6af47753228f4b0df335c8e
42516081	hunspell	https://github.com/hunspell/hunspell/commit/35c3cad4d70b222e7c1d73211a79a96ff7bf3651
42516899	libarchive	https://github.com/libarchive/libarchive/commit/fa4b613f2e2510bd036f2eeed2fece97cd18b079
42517117	hunspell	https://github.com/hunspell/hunspell/commit/749556fc08fed3801c15f27aed70e2c8ee83e3d8
42517205	curl	https://github.com/curl/curl/commit/cb5accab9ee3abdee777b59b463b5e0ca05a490a
42517385	libraw	https://github.com/libraw/libraw/commit/dc0c984edfc9b36089f86f6068ee7805e9cd9efc
42517543	wireshark	https://github.com/wireshark/wireshark/commit/86af1d6707956fa401399d16b10eeab5f24976ce
42517970	opensips	https://github.com/OpenSIPS/opensips/commit/a008e7c2385bcd83de2f9ab155ed8a9452bf3c5c
42518190	opensips	https://github.com/OpenSIPS/opensips/commit/e060fe93429b6da665a4d4210a49876b43223a17
42518552	harfbuzz	https://github.com/harfbuzz/harfbuzz/commit/4c49daf7cd961fb47126baf04240243736cae606
42518895	hunspell	https://github.com/hunspell/hunspell/commit/bf229433b9ba7131bd80b52b8c71399230e0dc12
42519940	wireshark	https://github.com/wireshark/wireshark/commit/8a4f22be615054b8951c961a5c1873a89dfe8541
42519984	node	https://github.com/nodejs/node/commit/3803b028dda9d7f3bf06836b5ad4522ff1ae0cb3
42520029	mupdf	https://github.com/ArtifexSoftware/mupdf/commit/74e920a40e0aea93f7cefca6e6bbff249d637b18
42520151	wolfssl	https://github.com/wolfssl/wolfssl/commit/5b8026899b9fbe24ccb3ba94cc5d3738d228ab28
42520208	wolfssl	https://github.com/wolfssl/wolfssl/commit/5b8026899b9fbe24ccb3ba94cc5d3738d228ab28
42520646	libredwg	https://github.com/LibreDWG/libredwg/commit/a1837c354628e6ed368fb8085858a15a7c9a0db9
42521509	libavc	https://github.com/ittiam-systems/libavc/commit/c0ca3b2979a6f0999c57549986f99334666e8ef7
42522139	libredwg	https://github.com/LibreDWG/libredwg/commit/02fd447dbbcc68d6e3cf819ccc0f8fb6c9bb07aa
42522441	libxml2	https://gitlab.gnome.org/GNOME/libxml2/-/commit/067986fa674f0811614dab4c4572f5f7ff483400
42522507	libxml2	https://gitlab.gnome.org/GNOME/libxml2/-/commit/7fbd454d9f70f0f0c0a0c27a7d541fed4d038c2a
42522712	libxml2	https://gitlab.gnome.org/GNOME/libxml2/-/commit/1061537efdf3874c91fd50d18f98c4b8a3518e52
42522777	libdwarf	https://github.com/davea42/libdwarf-code/commit/36e4063ade31c9ea6ea5df973d2045b36877885b
42522792	simdutf	https://github.com/simdutf/simdutf/commit/44a5c05ced95c2464dd75e0e068f5151b797a7db
42522843	libredwg	https://github.com/LibreDWG/libredwg/commit/c1ed1d91e28a6ddc7a9b5479d4795d58fb6be0ca
42522894	simdutf	https://github.com/simdutf/simdutf/commit/72af817153515c8715417794e7b0d7b91eb1be12
42523630	cpython3	https://github.com/python/cpython/commit/5078eedc5b18f0d208af6e30f60b33419132d1b6
42523836	flac	https://github.com/xiph/flac/commit/183b22ac320c5e59f1d14b0fda395cecad38b932
42524012	openthread	https://github.com/openthread/openthread/commit/1318d7942ed6256665b5d83b62ce51ec8893f5c7
42524491	openexr	https://github.com/AcademySoftwareFoundation/openexr/commit/6f235a803c6370583891f008181f85a91eedb681
42524801	openthread	https://github.com/openthread/openthread/commit/56bf6a79f773419d21e0426915c7b3a3951d1bdf
42524837	openexr	https://github.com/AcademySoftwareFoundation/openexr/commit/425d4b24e08e21e7052e3163d0d69af1c1e591a6
42524877	mupdf	https://github.com/ArtifexSoftware/mupdf/commit/ab9112d95d2af2ca5d9d48ee9d248fbd813c9c2f
42525240	ntopng	https://github.com/ntop/ntopng/commit/499d060fb12ecacf83489d62bcf95214d4e8ad0a
42525566	ntopng	https://github.com/ntop/ntopng/commit/1878ba1edfdbb0767d7a282b46caf5ec07bdeaf0
42525912	mupdf	https://github.com/ArtifexSoftware/mupdf/commit/9a35f1652ed34ea6aaa7daef36de219b1ed8a3ce
42527220	kimageformats	https://invent.kde.org/frameworks/kimageformats/-/commit/274f30e00840cfe0d4476f3b7959cf847a4f9104
42527523	librawspeed	https://github.com/darktable-org/rawspeed/commit/b79d3f2ab9df07be675d262474a70f59eae55a66
42527841	icu	https://github.com/unicode-org/icu/commit/68a61daa959c03f4c624d73802d98730c35ad3da
42528093	serenity	https://github.com/SerenityOS/serenity/commit/9e978c6cd1bf3b2692e44f246b904927b4982d03
42528148	libredwg	https://github.com/LibreDWG/libredwg/commit/b0287a6d29e0c09eaffe29121bbc34c471feb87a
42528680	libdwarf	https://github.com/davea42/libdwarf-code/commit/e8df98c5c6629b75402b8ea5e5a44797fb3ae4b3
42528919	libredwg	https://github.com/LibreDWG/libredwg/commit/f522359c08d49e0f1a059ad6cc8566ddeb7a37ed
42528947	libxml2	https://gitlab.gnome.org/GNOME/libxml2/-/commit/4fc5340ec55a12cd6819395030d5d132a219984a
42528951	libxml2	https://gitlab.gnome.org/GNOME/libxml2/-/commit/4fc5340ec55a12cd6819395030d5d132a219984a
42528994	libxml2	https://gitlab.gnome.org/GNOME/libxml2/-/commit/4fc5340ec55a12cd6819395030d5d132a219984a
42529054	ndpi	https://github.com/ntop/nDPI/commit/30fc89e556e5c09bf62b9548862cc3d924b9ec81
42529609	arrow	https://github.com/apache/arrow/commit/84c15da1997559c37841dc16f9e2c70c643dd9d2
42530105	PcapPlusPlus	https://github.com/seladb/PcapPlusPlus/commit/98143666674d8d50ffed878d8d91c48c9567706c
42530108	PcapPlusPlus	https://github.com/seladb/PcapPlusPlus/commit/6a5cb61eba4f082f7dcd4e87031520102e1babdf
42530184	PcapPlusPlus	https://github.com/seladb/PcapPlusPlus/commit/52d25b56a46a64543d91e6d6ce925e174b0c2608
42530189	wireshark	https://github.com/wireshark/wireshark/commit/48fac2a18debb2969413e03f3d88bbb9c31500ae
42530230	PcapPlusPlus	https://github.com/seladb/PcapPlusPlus/commit/5f1895a7b496fa78a2927bd5fe610ab619a3f49b
42530451	libavc	https://github.com/ittiam-systems/libavc/commit/e49a9150a3b1cfc3fb9097ca02dd042e35226129
42530704	mupdf	https://github.com/ArtifexSoftware/mupdf/commit/67d1055a074c5c06155405c49309d300b8c485a2
42531033	libxaac	https://github.com/ittiam-systems/libxaac/commit/2624ae15b4d115a02623ec9f231237c429337a02
42531102	php-src	https://github.com/php/php-src/commit/2b8c00850b86ab40457dcd09a35a8cd9e0c4f9f0
42531112	php-src	https://github.com/php/php-src/commit/2b8c00850b86ab40457dcd09a35a8cd9e0c4f9f0
42531143	libavc	https://github.com/ittiam-systems/libavc/commit/28727baf58aa7c8983769aff1ceecb3121a26ee6
42531447	ntopng	https://github.com/ntop/ntopng/commit/bfc67588eb3f60f1f24a4596e87edcdb7ec254ab
42531670	libjxl	https://github.com/libjxl/libjxl/commit/06aec61435eab1c511c4c809e5ebd637c2551839
42532240	libredwg	https://github.com/LibreDWG/libredwg/commit/d0a274e902c6ecd8809aa81d2a4dc39f5874a100
42532885	matio	https://github.com/tbeu/matio/commit/1565241343f00b203ee86810694d42992336b7f4
42533844	libdwarf	https://github.com/davea42/libdwarf-code/commit/2930f3121ee6b07da405103934c329bbeca0382f
42533912	radare2	https://github.com/radareorg/radare2/commit/cb190f0170a62999f53133d904f444557f44c394
42534463	lcms	https://github.com/mm2/Little-CMS/commit/fe8d3839799adbaf2783ebf27f1433ff8d5abd69
42534694	fwupd	https://github.com/fwupd/fwupd/commit/a2e0d7447761e584cdffca0449d2cf907ae0d31f
42535137	PcapPlusPlus	https://github.com/seladb/PcapPlusPlus/commit/132c9cf00500e691995a49e08bd68a96a095e76e
42535739	assimp	https://github.com/assimp/assimp/commit/1e09642382ef914c5178cedbbf86ac4a9b982a48
42535883	gpac	https://github.com/gpac/gpac/commit/52066200e0a59ab5ef0d6800426f1520eea48cba
42536079	inchi	https://github.com/IUPAC-InChI/InChI/commit/9301aa1d62582206617c432d925a642a284e873d
42536536	qpdf	https://github.com/qpdf/qpdf/commit/8ae3ef28ac34fddb1cc8b03b2479f499e4af5f8a
42537622	gpac	https://github.com/gpac/gpac/commit/ca6a0a36e52baae6f7159860b232c54241305b17
42537987	simdutf	https://github.com/simdutf/simdutf/commit/4605fef51a235baf940ea56db71c60e0389fe01e
42538854	freetype2	https://github.com/freetype/freetype2/commit/779309744222a736eba0f1731e8162fce6288d4e
42539272	openthread	https://github.com/openthread/openthread/commit/3af0bda8b79ed775d3b243bfb794ebdeb51378e2
42539533	curl	https://github.com/curl/curl/commit/3c630f9b0af097663a64e5c875c580aa9808a92b
42539540	curl	https://github.com/curl/curl/commit/3c630f9b0af097663a64e5c875c580aa9808a92b
42539956	graphicsmagick	https://foss.heptapod.net/graphicsmagick/graphicsmagicka9947a52ce3b3140e65f26c32f7217c8f180a3bc
42540456	graphicsmagick	https://foss.heptapod.net/graphicsmagick/graphicsmagick29dbb71f909507b94e3c0b6aecc27656c37c26a4
42540492	capstonenext	https://github.com/aquynh/capstone/commit/dd82c3a88a99359821c2505fadbb2e015140fc81
42540566	freetype2	https://github.com/freetype/freetype2/commit/1079063701986505980f5c5183b3a92700dc1cf5
42540897	wireshark	https://github.com/wireshark/wireshark/commit/5a560f3f6aa2cbfad957cf6223e50c3b61ef575b
42540959	openvswitch	https://github.com/openvswitch/ovs/commit/4fe08016068514be7a8751d86f6ad30bde344949
42541002	mupdf	https://github.com/ArtifexSoftware/mupdf/commit/09f2e173850e011e6390c49a4f761e87dd87ffba
42541364	graphicsmagick	https://foss.heptapod.net/graphicsmagick/graphicsmagick51ce9dec865586f1e09d14e6f000e388b33e182d
425413855	glaze	https://github.com/stephenberry/glaze/commit/6efaddda571f7b76bc38c573a45e6ab78cb6eec6
42541665	file	https://github.com/file/file/commit/87f27958cfbb05d262504976f66db70c24d5061f
429489010	ndpi	https://github.com/ntop/nDPI/commit/759910ffe524460e9dad31d61ffafae8f5429f35
